url	local_path	http_status	size_bytes	file_type	note
https://photojournal.jpl.nasa.gov/archive/PIA07966.wav	assets/external/photojournal.jpl.nasa.gov_archive_PIA07966.wav	200	255219	HTML document text, Unicode text, UTF-8 text, with very long lines (6808)	expected media but got html
https://photojournal.jpl.nasa.gov/archive/PIA23641.mp4	assets/external/photojournal.jpl.nasa.gov_archive_PIA23641.mp4	200	255219	HTML document text, Unicode text, UTF-8 text, with very long lines (6808)	expected media but got html
https://photojournal.jpl.nasa.gov/archive/PIA23729.mp3	assets/external/photojournal.jpl.nasa.gov_archive_PIA23729.mp3	200	255219	HTML document text, Unicode text, UTF-8 text, with very long lines (6808)	expected media but got html
https://photojournal.jpl.nasa.gov/archive/PIA24724.mp4	assets/external/photojournal.jpl.nasa.gov_archive_PIA24724.mp4	200	255219	HTML document text, Unicode text, UTF-8 text, with very long lines (6808)	expected media but got html
https://science.nasa.gov/sun/	assets/external/science.nasa.gov_sun_	200	296920	HTML document text, Unicode text, UTF-8 text, with very long lines (6808)	ok
https://solarsystem.nasa.gov/moons/earths-moon/overview/	assets/external/solarsystem.nasa.gov_moons_earths-moon_overview_	200	335619	HTML document text, Unicode text, UTF-8 text, with very long lines (6808)	ok
https://solarsystem.nasa.gov/moons/jupiter-moons/europa/overview/	assets/external/solarsystem.nasa.gov_moons_jupiter-moons_europa_overview_	200	261754	HTML document text, Unicode text, UTF-8 text, with very long lines (6808)	ok
https://solarsystem.nasa.gov/moons/neptune-moons/triton/overview/	assets/external/solarsystem.nasa.gov_moons_neptune-moons_triton_overview_	404	0	empty	ok
https://solarsystem.nasa.gov/moons/saturn-moons/titan/overview/	assets/external/solarsystem.nasa.gov_moons_saturn-moons_titan_overview_	200	286228	HTML document text, Unicode text, UTF-8 text, with very long lines (13804)	ok
https://solarsystem.nasa.gov/planets/earth/overview/	assets/external/solarsystem.nasa.gov_planets_earth_overview_	200	324733	HTML document text, Unicode text, UTF-8 text, with very long lines (6808)	ok
https://solarsystem.nasa.gov/planets/jupiter/overview/	assets/external/solarsystem.nasa.gov_planets_jupiter_overview_	200	298003	HTML document text, Unicode text, UTF-8 text, with very long lines (6808)	ok
https://solarsystem.nasa.gov/planets/mars/overview/	assets/external/solarsystem.nasa.gov_planets_mars_overview_	200	337970	HTML document text, Unicode text, UTF-8 text, with very long lines (7426)	ok
https://solarsystem.nasa.gov/planets/mercury/overview/	assets/external/solarsystem.nasa.gov_planets_mercury_overview_	200	289060	HTML document text, Unicode text, UTF-8 text, with very long lines (6808)	ok
https://solarsystem.nasa.gov/planets/neptune/overview/	assets/external/solarsystem.nasa.gov_planets_neptune_overview_	200	266911	HTML document text, Unicode text, UTF-8 text, with very long lines (6808)	ok
https://solarsystem.nasa.gov/planets/saturn/overview/	assets/external/solarsystem.nasa.gov_planets_saturn_overview_	200	288527	HTML document text, Unicode text, UTF-8 text, with very long lines (6808)	ok
https://solarsystem.nasa.gov/planets/uranus/overview/	assets/external/solarsystem.nasa.gov_planets_uranus_overview_	200	280985	HTML document text, Unicode text, UTF-8 text, with very long lines (6808)	ok
https://solarsystem.nasa.gov/planets/venus/overview/	assets/external/solarsystem.nasa.gov_planets_venus_overview_	200	282544	HTML document text, Unicode text, UTF-8 text, with very long lines (6808)	ok
https://solarsystem.nasa.gov/sun/overview/	assets/external/solarsystem.nasa.gov_sun_overview_	404	0	empty	ok
https://www.nasa.gov/wp-content/uploads/2023/03/solar-system-sounds-earth.wav	assets/external/www.nasa.gov_wp-content_uploads_2023_03_solar-system-sounds-earth.wav	404	0	empty	ok
https://www.nasa.gov/wp-content/uploads/2023/03/solar-system-sounds-sun.wav	assets/external/www.nasa.gov_wp-content_uploads_2023_03_solar-system-sounds-sun.wav	404	0	empty	ok
